cenario,instituto,data_inicio,data_fim,amostra,margem,Lula,Flávio,Indefinidos,Cury,Renan,Caiado,Zema,Bolsonaro,Michelle,Tarcísio,Eduardo,Ratinho,Gomes,Leite,Marçal,Lima,Tereza C.,Barbosa,Neves,Rebelo,Marinho,Nogueira,Alckmin,Haddad
Lula e Flávio Bolsonaro,Datafolha,2026-09-15,2026-09-16,2002,2.0,46.0,44.0,9.0,,,,,,,,,,,,,,,,,,,,,
Lula e Augusto Cury,Datafolha,2026-09-15,2026-09-16,2002,2.0,44.0,,11.0,44.0,,,,,,,,,,,,,,,,,,,,
Lula e Renan Santos,Datafolha,2026-09-15,2026-09-16,2002,2.0,47.0,,15.0,,38.0,,,,,,,,,,,,,,,,,,,
Lula e Caiado,Datafolha,2026-09-15,2026-09-16,2002,2.0,46.0,,12.0,,,42.0,,,,,,,,,,,,,,,,,,
Lula e Zema,Datafolha,2026-09-15,2026-09-16,2002,2.0,49.0,,13.0,,,,39.0,,,,,,,,,,,,,,,,,
Lula e Flávio Bolsonaro,AtlasIntel,2026-09-11,2026-09-16,5018,1.0,46.8,47.2,6.0,,,,,,,,,,,,,,,,,,,,,
Lula e Augusto Cury,AtlasIntel,2026-09-11,2026-09-16,5018,1.0,45.6,,16.6,37.8,,,,,,,,,,,,,,,,,,,,
Lula e Renan Santos,AtlasIntel,2026-09-11,2026-09-16,5018,1.0,46.1,,24.2,,29.7,,,,,,,,,,,,,,,,,,,
Lula e Caiado,AtlasIntel,2026-09-11,2026-09-16,5018,1.0,46.0,,12.3,,,41.7,,,,,,,,,,,,,,,,,,
Lula e Zema,AtlasIntel,2026-09-11,2026-09-16,5018,1.0,46.3,,10.1,,,,43.7,,,,,,,,,,,,,,,,,
Lula e Flávio Bolsonaro,Futura,2026-09-11,2026-09-15,2000,2.2,43.7,48.1,8.2,,,,,,,,,,,,,,,,,,,,,
Lula e Augusto Cury,Futura,2026-09-11,2026-09-15,2000,2.2,41.5,,13.8,44.8,,,,,,,,,,,,,,,,,,,,
Lula e Renan Santos,Futura,2026-09-11,2026-09-15,2000,2.2,44.5,,16.2,,39.3,,,,,,,,,,,,,,,,,,,
Lula e Caiado,Futura,2026-09-11,2026-09-15,2000,2.2,41.9,,13.0,,,45.1,,,,,,,,,,,,,,,,,,
Lula e Zema,Futura,2026-09-11,2026-09-15,2000,2.2,44.7,,14.7,,,,40.6,,,,,,,,,,,,,,,,,
Lula e Flávio Bolsonaro,MDA,2026-09-09,2026-09-13,2002,2.2,47.3,40.0,12.7,,,,,,,,,,,,,,,,,,,,,
Lula e Augusto Cury,MDA,2026-09-09,2026-09-13,2002,2.2,45.3,,16.3,38.4,,,,,,,,,,,,,,,,,,,,
Lula e Renan Santos,MDA,2026-09-09,2026-09-13,2002,2.2,47.3,,18.8,,33.9,,,,,,,,,,,,,,,,,,,
Lula e Caiado,MDA,2026-09-09,2026-09-13,2002,2.2,46.4,,16.3,,,37.3,,,,,,,,,,,,,,,,,,
Lula e Zema,MDA,2026-09-09,2026-09-13,2002,2.2,47.7,,17.8,,,,34.5,,,,,,,,,,,,,,,,,
Lula e Flávio Bolsonaro,Datafolha,2026-09-08,2026-09-11,2002,2.0,46.0,44.0,10.0,,,,,,,,,,,,,,,,,,,,,
Lula e Augusto Cury,Datafolha,2026-09-08,2026-09-11,2002,2.0,45.0,,12.0,43.0,,,,,,,,,,,,,,,,,,,,
Lula e Renan Santos,Datafolha,2026-09-08,2026-09-11,2002,2.0,48.0,,13.0,,37.0,,,,,,,,,,,,,,,,,,,
Lula e Caiado,Datafolha,2026-09-08,2026-09-11,2002,2.0,46.0,,12.0,,,41.0,,,,,,,,,,,,,,,,,,
Lula e Zema,Datafolha,2026-09-08,2026-09-11,2002,2.0,48.0,,13.0,,,,39.0,,,,,,,,,,,,,,,,,
Lula e Flávio Bolsonaro,Futura,2026-09-04,2026-09-10,2000,2.2,45.0,45.4,9.6,,,,,,,,,,,,,,,,,,,,,
Lula e Renan Santos,Futura,2026-09-04,2026-09-10,2000,2.2,46.1,,16.3,,37.6,,,,,,,,,,,,,,,,,,,
Lula e Caiado,Futura,2026-09-04,2026-09-10,2000,2.2,43.7,,13.6,,,42.8,,,,,,,,,,,,,,,,,,
Lula e Zema,Futura,2026-09-04,2026-09-10,2000,2.2,46.0,,13.5,,,,40.5,,,,,,,,,,,,,,,,,
Lula e Flávio Bolsonaro,AtlasIntel,2026-09-04,2026-09-09,5000,1.0,46.2,46.4,7.4,,,,,,,,,,,,,,,,,,,,,
Lula e Augusto Cury,AtlasIntel,2026-09-04,2026-09-09,5000,1.0,43.8,,15.2,41.1,,,,,,,,,,,,,,,,,,,,
Lula e Renan Santos,AtlasIntel,2026-09-04,2026-09-09,5000,1.0,46.0,,20.2,,33.8,,,,,,,,,,,,,,,,,,,
Lula e Caiado,AtlasIntel,2026-09-04,2026-09-09,5000,1.0,45.7,,8.6,,,45.7,,,,,,,,,,,,,,,,,,
Lula e Zema,AtlasIntel,2026-09-04,2026-09-09,5000,1.0,46.0,,7.7,,,,46.2,,,,,,,,,,,,,,,,,
Lula e Flávio Bolsonaro,Datafolha,2026-09-01,2026-09-02,2002,2.0,46.0,44.0,10.0,,,,,,,,,,,,,,,,,,,,,
Lula e Renan Santos,Datafolha,2026-09-01,2026-09-02,2002,2.0,47.0,,15.0,,38.0,,,,,,,,,,,,,,,,,,,
Lula e Caiado,Datafolha,2026-09-01,2026-09-02,2002,2.0,46.0,,13.0,,,41.0,,,,,,,,,,,,,,,,,,
Lula e Zema,Datafolha,2026-09-01,2026-09-02,2002,2.0,48.0,,14.0,,,,39.0,,,,,,,,,,,,,,,,,
Lula e Flávio Bolsonaro,Futura,2026-08-27,2026-09-01,2000,2.2,45.6,45.2,9.2,,,,,,,,,,,,,,,,,,,,,
Lula e Renan Santos,Futura,2026-08-27,2026-09-01,2000,2.2,46.6,,16.8,,36.6,,,,,,,,,,,,,,,,,,,
Lula e Caiado,Futura,2026-08-27,2026-09-01,2000,2.2,44.4,,13.1,,,42.5,,,,,,,,,,,,,,,,,,
Lula e Zema,Futura,2026-08-27,2026-09-01,2000,2.2,46.7,,14.9,,,,38.5,,,,,,,,,,,,,,,,,
Lula e Flávio Bolsonaro,Real Time Big Data,2026-08-27,2026-08-31,2000,2.0,44.0,44.0,12.0,,,,,,,,,,,,,,,,,,,,,
Lula e Renan Santos,Real Time Big Data,2026-08-27,2026-08-31,2000,2.0,44.0,,19.0,,37.0,,,,,,,,,,,,,,,,,,,
Lula e Caiado,Real Time Big Data,2026-08-27,2026-08-31,2000,2.0,43.0,,12.0,,,45.0,,,,,,,,,,,,,,,,,,
Lula e Zema,Real Time Big Data,2026-08-27,2026-08-31,2000,2.0,43.0,,17.0,,,,40.0,,,,,,,,,,,,,,,,,
Hipóteses com Lula,Real Time Big Data,2026-08-27,2026-08-31,2000,2.0,44.0,,16.0,,,,,,,,,,,,40.0,,,,,,,,,
Lula e Flávio Bolsonaro,AtlasIntel,2026-08-25,2026-08-30,5014,2.0,47.1,42.6,10.3,,,,,,,,,,,,,,,,,,,,,
Lula e Renan Santos,AtlasIntel,2026-08-25,2026-08-30,5014,2.0,47.5,,26.6,,26.0,,,,,,,,,,,,,,,,,,,
Lula e Caiado,AtlasIntel,2026-08-25,2026-08-30,5014,2.0,46.6,,12.3,,,41.0,,,,,,,,,,,,,,,,,,
Lula e Zema,AtlasIntel,2026-08-25,2026-08-30,5014,2.0,47.0,,12.3,,,,40.7,,,,,,,,,,,,,,,,,
Hipóteses com Lula,AtlasIntel,2026-08-25,2026-08-30,5014,2.0,46.8,,9.1,,,,,44.1,,,,,,,,,,,,,,,,
Lula e Flávio Bolsonaro,Datafolha,2026-08-18,2026-08-20,2058,2.0,47.0,43.0,11.0,,,,,,,,,,,,,,,,,,,,,
Lula e Renan Santos,Datafolha,2026-08-18,2026-08-20,2058,2.0,47.0,,16.0,,37.0,,,,,,,,,,,,,,,,,,,
Lula e Caiado,Datafolha,2026-08-18,2026-08-20,2058,2.0,47.0,,14.0,,,40.0,,,,,,,,,,,,,,,,,,
Lula e Zema,Datafolha,2026-08-18,2026-08-20,2058,2.0,48.0,,14.0,,,,38.0,,,,,,,,,,,,,,,,,
Lula e Flávio Bolsonaro,MDA,2026-08-05,2026-08-09,2002,2.2,48.0,39.1,12.9,,,,,,,,,,,,,,,,,,,,,
Lula e Augusto Cury,MDA,2026-08-05,2026-08-09,2002,2.2,48.6,,19.0,32.4,,,,,,,,,,,,,,,,,,,,
Lula e Renan Santos,MDA,2026-08-05,2026-08-09,2002,2.2,48.5,,18.5,,33.0,,,,,,,,,,,,,,,,,,,
Lula e Caiado,MDA,2026-08-05,2026-08-09,2002,2.2,47.9,,16.2,,,35.9,,,,,,,,,,,,,,,,,,
Lula e Zema,MDA,2026-08-05,2026-08-09,2002,2.2,49.1,,16.0,,,,34.9,,,,,,,,,,,,,,,,,
Lula e Flávio Bolsonaro,Futura,2026-08-03,2026-08-07,2000,2.2,46.5,44.0,9.5,,,,,,,,,,,,,,,,,,,,,
Lula e Renan Santos,Futura,2026-08-03,2026-08-07,2000,2.2,47.3,,19.4,,33.3,,,,,,,,,,,,,,,,,,,
Lula e Caiado,Futura,2026-08-03,2026-08-07,2000,2.2,45.3,,15.4,,,39.2,,,,,,,,,,,,,,,,,,
Lula e Zema,Futura,2026-08-03,2026-08-07,2000,2.2,46.5,,13.6,,,,39.8,,,,,,,,,,,,,,,,,
Lula e Flávio Bolsonaro,AtlasIntel,2026-07-22,2026-07-27,5021,1.0,49.2,42.9,7.9,,,,,,,,,,,,,,,,,,,,,
Lula e Renan Santos,AtlasIntel,2026-07-22,2026-07-27,5021,1.0,47.6,,22.2,,30.2,,,,,,,,,,,,,,,,,,,
Lula e Caiado,AtlasIntel,2026-07-22,2026-07-27,5021,1.0,48.2,,12.9,,,38.9,,,,,,,,,,,,,,,,,,
Lula e Zema,AtlasIntel,2026-07-22,2026-07-27,5021,1.0,48.6,,11.8,,,,39.6,,,,,,,,,,,,,,,,,
Hipóteses com Lula,AtlasIntel,2026-07-22,2026-07-27,5021,1.0,49.2,,6.9,,,,,43.9,,,,,,,,,,,,,,,,
Hipóteses com Lula,AtlasIntel,2026-07-22,2026-07-27,5021,1.0,48.8,,8.8,,,,,,42.5,,,,,,,,,,,,,,,
Hipóteses com Lula,AtlasIntel,2026-07-22,2026-07-27,5021,1.0,,42.7,11.5,,,,,,,,,,,,,,,,,,,,45.8,
Hipóteses com Haddad,AtlasIntel,2026-07-22,2026-07-27,5021,1.0,,43.7,12.0,,,,,,,,,,,,,,,,,,,,,44.3
Lula e Flávio Bolsonaro,Datafolha,2026-07-22,2026-07-24,2004,2.0,48.0,43.0,10.0,,,,,,,,,,,,,,,,,,,,,
Lula e Caiado,Datafolha,2026-07-22,2026-07-24,2004,2.0,47.0,,13.0,,,40.0,,,,,,,,,,,,,,,,,,
Lula e Zema,Datafolha,2026-07-22,2026-07-24,2004,2.0,48.0,,12.0,,,,40.0,,,,,,,,,,,,,,,,,
Lula e Flávio Bolsonaro,Real Time Big Data,2026-07-18,2026-07-20,2000,2.0,45.0,42.0,13.0,,,,,,,,,,,,,,,,,,,,,
Lula e Renan Santos,Real Time Big Data,2026-07-18,2026-07-20,2000,2.0,44.0,,21.0,,35.0,,,,,,,,,,,,,,,,,,,
Lula e Caiado,Real Time Big Data,2026-07-18,2026-07-20,2000,2.0,43.0,,13.0,,,44.0,,,,,,,,,,,,,,,,,,
Lula e Zema,Real Time Big Data,2026-07-18,2026-07-20,2000,2.0,44.0,,18.0,,,,38.0,,,,,,,,,,,,,,,,,
Lula e Flávio Bolsonaro,Futura,2026-07-07,2026-07-11,2000,2.2,46.3,46.1,7.6,,,,,,,,,,,,,,,,,,,,,
Lula e Renan Santos,Futura,2026-07-07,2026-07-11,2000,2.2,46.4,,20.5,,33.1,,,,,,,,,,,,,,,,,,,
Lula e Caiado,Futura,2026-07-07,2026-07-11,2000,2.2,45.1,,15.9,,,38.9,,,,,,,,,,,,,,,,,,
Lula e Zema,Futura,2026-07-07,2026-07-11,2000,2.2,46.0,,15.9,,,,38.1,,,,,,,,,,,,,,,,,
Hipóteses com Lula,Futura,2026-07-07,2026-07-11,2000,2.2,46.1,,9.6,,,,,,44.3,,,,,,,,,,,,,,,
Lula e Flávio Bolsonaro,AtlasIntel,2026-06-26,2026-06-30,4999,1.0,48.8,42.3,8.9,,,,,,,,,,,,,,,,,,,,,
Lula e Renan Santos,AtlasIntel,2026-06-26,2026-06-30,4999,1.0,49.2,,21.9,,29.8,,,,,,,,,,,,,,,,,,,
Lula e Caiado,AtlasIntel,2026-06-26,2026-06-30,4999,1.0,48.0,,13.1,,,39.0,,,,,,,,,,,,,,,,,,
Lula e Zema,AtlasIntel,2026-06-26,2026-06-30,4999,1.0,48.2,,13.3,,,,38.5,,,,,,,,,,,,,,,,,
Hipóteses com Lula,AtlasIntel,2026-06-26,2026-06-30,4999,1.0,48.6,,8.3,,,,,43.1,,,,,,,,,,,,,,,,
Hipóteses com Lula,AtlasIntel,2026-06-26,2026-06-30,4999,1.0,48.7,,12.4,,,,,,38.9,,,,,,,,,,,,,,,
Hipóteses com Lula,AtlasIntel,2026-06-26,2026-06-30,4999,1.0,,41.7,10.9,,,,,,,,,,,,,,,,,,,,47.4,
Hipóteses com Haddad,AtlasIntel,2026-06-26,2026-06-30,4999,1.0,,42.8,10.7,,,,,,,,,,,,,,,,,,,,,46.4
Lula e Flávio Bolsonaro,Datafolha,2026-06-17,2026-06-19,2004,2.0,47.0,43.0,9.0,,,,,,,,,,,,,,,,,,,,,
Lula e Caiado,Datafolha,2026-06-17,2026-06-19,2004,2.0,47.0,,12.0,,,41.0,,,,,,,,,,,,,,,,,,
Lula e Zema,Datafolha,2026-06-17,2026-06-17,2004,2.0,48.0,,13.0,,,,39.0,,,,,,,,,,,,,,,,,
Lula e Flávio Bolsonaro,MDA,2026-06-10,2026-06-14,2002,2.2,49.3,36.8,13.9,,,,,,,,,,,,,,,,,,,,,
Lula e Flávio Bolsonaro,Futura,2026-06-08,2026-06-12,2000,2.2,48.1,42.9,10.0,,,,,,,,,,,,,,,,,,,,,
Lula e Renan Santos,Futura,2026-06-08,2026-06-12,2000,2.2,48.3,,20.9,,30.8,,,,,,,,,,,,,,,,,,,
Lula e Caiado,Futura,2026-06-08,2026-06-12,2000,2.2,45.0,,18.7,,,36.3,,,,,,,,,,,,,,,,,,
Lula e Zema,Futura,2026-06-08,2026-06-12,2000,2.2,48.5,,16.6,,,,34.9,,,,,,,,,,,,,,,,,
Hipóteses com Lula,Futura,2026-06-08,2026-06-12,2000,2.2,48.0,,9.6,,,,,,42.4,,,,,,,,,,,,,,,
Hipóteses com Lula,Futura,2026-06-08,2026-06-12,2000,2.2,48.5,,22.2,,,,,,,,,,,,,,29.2,,,,,,,
Hipóteses com Haddad,Futura,2026-06-08,2026-06-12,2000,2.2,,43.9,17.2,,,,,,,,,,,,,,,,,,,,,38.9
Lula e Flávio Bolsonaro,Real Time Big Data,2026-05-29,2026-05-30,2000,2.0,45.0,40.0,15.0,,,,,,,,,,,,,,,,,,,,,
Lula e Renan Santos,Real Time Big Data,2026-05-29,2026-05-30,2000,2.0,46.0,,24.0,,30.0,,,,,,,,,,,,,,,,,,,
Lula e Caiado,Real Time Big Data,2026-05-29,2026-05-30,2000,2.0,43.0,,14.0,,,43.0,,,,,,,,,,,,,,,,,,
Lula e Zema,Real Time Big Data,2026-05-29,2026-05-30,2000,2.0,43.0,,17.0,,,,40.0,,,,,,,,,,,,,,,,,
Lula e Flávio Bolsonaro,Datafolha,2026-05-20,2026-05-21,2004,2.0,47.0,43.0,11.0,,,,,,,,,,,,,,,,,,,,,
Lula e Caiado,Datafolha,2026-05-20,2026-05-21,2004,2.0,48.0,,13.0,,,39.0,,,,,,,,,,,,,,,,,,
Lula e Zema,Datafolha,2026-05-20,2026-05-21,2004,2.0,48.0,,13.0,,,,39.0,,,,,,,,,,,,,,,,,
Hipóteses com Lula,Datafolha,2026-05-20,2026-05-21,2004,2.0,48.0,,9.0,,,,,,43.0,,,,,,,,,,,,,,,
Lula e Flávio Bolsonaro,Futura,2026-05-15,2026-05-20,2000,2.2,47.7,42.2,10.2,,,,,,,,,,,,,,,,,,,,,
Lula e Caiado,Futura,2026-05-15,2026-05-20,2000,2.2,47.6,,15.9,,,36.5,,,,,,,,,,,,,,,,,,
Lula e Zema,Futura,2026-05-15,2026-05-20,2000,2.2,48.3,,15.8,,,,35.9,,,,,,,,,,,,,,,,,
Hipóteses com Lula,Futura,2026-05-15,2026-05-20,2000,2.2,47.9,,10.6,,,,,,41.6,,,,,,,,,,,,,,,
Lula e Flávio Bolsonaro,AtlasIntel,2026-05-13,2026-05-18,,1.0,48.9,41.8,9.3,,,,,,,,,,,,,,,,,,,,,
Lula e Renan Santos,AtlasIntel,2026-05-13,2026-05-18,,1.0,47.8,,23.8,,28.4,,,,,,,,,,,,,,,,,,,
Lula e Caiado,AtlasIntel,2026-05-13,2026-05-18,,1.0,47.5,,14.0,,,38.5,,,,,,,,,,,,,,,,,,
Lula e Zema,AtlasIntel,2026-05-13,2026-05-18,,1.0,47.8,,14.6,,,,37.6,,,,,,,,,,,,,,,,,
Lula e Flávio Bolsonaro,Datafolha,2026-05-12,2026-05-14,,2.0,45.0,45.0,10.0,,,,,,,,,,,,,,,,,,,,,
Lula e Caiado,Datafolha,2026-05-12,2026-05-14,,2.0,46.0,,15.0,,,39.0,,,,,,,,,,,,,,,,,,
Lula e Zema,Datafolha,2026-05-12,2026-05-14,,2.0,46.0,,14.0,,,,40.0,,,,,,,,,,,,,,,,,
Lula e Flávio Bolsonaro,Futura,2026-05-04,2026-05-08,,2.2,44.4,46.9,8.6,,,,,,,,,,,,,,,,,,,,,
Lula e Caiado,Futura,2026-05-04,2026-05-08,,2.2,45.1,,17.9,,,36.9,,,,,,,,,,,,,,,,,,
Lula e Zema,Futura,2026-05-04,2026-05-08,,2.2,46.0,,15.3,,,,37.8,,,,,,,,,,,,,,,,,
Hipóteses com Lula,Futura,2026-05-04,2026-05-08,,2.2,41.4,,20.8,,,,,,,,,,37.8,,,,,,,,,,,
Hipóteses com Haddad,Futura,2026-05-04,2026-05-08,,2.2,,47.8,16.0,,,,,,,,,,,,,,,,,,,,,36.2
Lula e Flávio Bolsonaro,Real Time Big Data,2026-05-02,2026-05-04,,2.0,43.0,44.0,13.0,,,,,,,,,,,,,,,,,,,,,
Lula e Renan Santos,Real Time Big Data,2026-05-02,2026-05-04,,2.0,48.0,,28.0,,24.0,,,,,,,,,,,,,,,,,,,
Lula e Caiado,Real Time Big Data,2026-05-02,2026-05-04,,2.0,43.0,,15.0,,,42.0,,,,,,,,,,,,,,,,,,
Lula e Zema,Real Time Big Data,2026-05-02,2026-05-04,,2.0,43.0,,18.0,,,,39.0,,,,,,,,,,,,,,,,,
Hipóteses com Lula,Real Time Big Data,2026-05-02,2026-05-04,,2.0,43.0,,14.0,,,,,,,,,,43.0,,,,,,,,,,,
Lula e Flávio Bolsonaro,AtlasIntel,2026-04-22,2026-04-27,,1.0,47.5,47.8,4.7,,,,,,,,,,,,,,,,,,,,,
Lula e Renan Santos,AtlasIntel,2026-04-22,2026-04-27,,1.0,47.1,,23.5,,29.5,,,,,,,,,,,,,,,,,,,
Lula e Caiado,AtlasIntel,2026-04-22,2026-04-27,,1.0,46.8,,11.0,,,42.2,,,,,,,,,,,,,,,,,,
Lula e Zema,AtlasIntel,2026-04-22,2026-04-27,,1.0,47.4,,6.1,,,,46.5,,,,,,,,,,,,,,,,,
Hipóteses com Lula,AtlasIntel,2026-04-22,2026-04-27,,1.0,48.0,,5.2,,,,,46.8,,,,,,,,,,,,,,,,
Hipóteses com Lula,AtlasIntel,2026-04-22,2026-04-27,,1.0,,47.5,6.6,,,,,,,,,,,,,,,,,,,,45.9,
Hipóteses com Haddad,AtlasIntel,2026-04-22,2026-04-27,,1.0,,48.1,7.6,,,,,,,,,,,,,,,,,,,,,44.3
Lula e Flávio Bolsonaro,MDA,2026-04-08,2026-04-12,,2.2,44.9,40.2,14.9,,,,,,,,,,,,,,,,,,,,,
Lula e Renan Santos,MDA,2026-04-08,2026-04-12,,2.2,45.0,,26.7,,28.3,,,,,,,,,,,,,,,,,,,
Lula e Caiado,MDA,2026-04-08,2026-04-12,,2.2,44.4,,22.9,,,32.7,,,,,,,,,,,,,,,,,,
Lula e Zema,MDA,2026-04-08,2026-04-12,,2.2,45.2,,23.2,,,,31.6,,,,,,,,,,,,,,,,,
Hipóteses com Lula,MDA,2026-04-08,2026-04-12,,2.2,45.4,,25.5,,,,,,,,,,,,,,,,,29.1,,,,
Lula e Flávio Bolsonaro,Futura,2026-04-07,2026-04-11,,2.2,42.6,48.0,9.4,,,,,,,,,,,,,,,,,,,,,
Lula e Caiado,Futura,2026-04-07,2026-04-11,,2.2,43.9,,17.3,,,38.8,,,,,,,,,,,,,,,,,,
Lula e Zema,Futura,2026-04-07,2026-04-11,,2.2,44.8,,17.1,,,,38.0,,,,,,,,,,,,,,,,,
Hipóteses com Haddad,Futura,2026-04-07,2026-04-11,,2.2,,48.3,16.9,,,,,,,,,,,,,,,,,,,,,34.8
Lula e Flávio Bolsonaro,Datafolha,2026-04-07,2026-04-09,,2.0,45.0,46.0,9.0,,,,,,,,,,,,,,,,,,,,,
Lula e Caiado,Datafolha,2026-04-07,2026-04-09,,2.0,45.0,,13.0,,,42.0,,,,,,,,,,,,,,,,,,
Lula e Zema,Datafolha,2026-04-07,2026-04-09,,2.0,45.0,,13.0,,,,42.0,,,,,,,,,,,,,,,,,
Lula e Flávio Bolsonaro,Paraná Pesquisas,2026-03-25,2026-03-28,,2.2,44.1,45.2,10.7,,,,,,,,,,,,,,,,,,,,,
Lula e Flávio Bolsonaro,AtlasIntel,2026-03-18,2026-03-23,,1.0,46.6,47.6,5.8,,,,,,,,,,,,,,,,,,,,,
Lula e Caiado,AtlasIntel,2026-03-18,2026-03-23,,1.0,46.2,,17.1,,,36.7,,,,,,,,,,,,,,,,,,
Lula e Zema,AtlasIntel,2026-03-18,2026-03-23,,1.0,46.6,,9.8,,,,43.7,,,,,,,,,,,,,,,,,
Hipóteses com Lula,AtlasIntel,2026-03-18,2026-03-23,,1.0,46.6,,6.0,,,,,47.4,,,,,,,,,,,,,,,,
Hipóteses com Lula,AtlasIntel,2026-03-18,2026-03-23,,1.0,46.8,,6.2,,,,,,47.0,,,,,,,,,,,,,,,
Hipóteses com Lula,AtlasIntel,2026-03-18,2026-03-23,,1.0,46.3,,6.5,,,,,,,47.2,,,,,,,,,,,,,,
Hipóteses com Lula,AtlasIntel,2026-03-18,2026-03-23,,1.0,46.1,,15.2,,,,,,,,,38.7,,,,,,,,,,,,
Hipóteses com Lula,AtlasIntel,2026-03-18,2026-03-23,,1.0,45.5,,31.8,,,,,,,,,,,22.7,,,,,,,,,,
Lula e Flávio Bolsonaro,Futura,2026-03-02,2026-03-06,,2.2,40.5,48.8,10.7,,,,,,,,,,,,,,,,,,,,,
Lula e Caiado,Futura,2026-03-02,2026-03-06,,2.2,41.1,,17.7,,,41.2,,,,,,,,,,,,,,,,,,
Lula e Zema,Futura,2026-03-02,2026-03-06,,2.2,42.5,,17.0,,,,40.5,,,,,,,,,,,,,,,,,
Hipóteses com Lula,Futura,2026-03-02,2026-03-06,,2.2,41.4,,13.1,,,,,,,45.5,,,,,,,,,,,,,,
Hipóteses com Lula,Futura,2026-03-02,2026-03-06,,2.2,41.0,,13.1,,,,,,,,,45.5,,,,,,,,,,,,
Hipóteses com Lula,Futura,2026-03-02,2026-03-06,,2.2,41.1,,21.8,,,,,,,,,,,37.1,,,,,,,,,,
Lula e Flávio Bolsonaro,Datafolha,2026-03-03,2026-03-05,,2.0,46.0,43.0,11.0,,,,,,,,,,,,,,,,,,,,,
Lula e Caiado,Datafolha,2026-03-03,2026-03-05,,2.0,46.0,,18.0,,,36.0,,,,,,,,,,,,,,,,,,
Hipóteses com Lula,Datafolha,2026-03-03,2026-03-05,,2.0,45.0,,13.0,,,,,,,42.0,,,,,,,,,,,,,,
Hipóteses com Lula,Datafolha,2026-03-03,2026-03-05,,2.0,45.0,,15.0,,,,,,,,,41.0,,,,,,,,,,,,
Hipóteses com Lula,Datafolha,2026-03-03,2026-03-05,,2.0,46.0,,20.0,,,,,,,,,,,34.0,,,,,,,,,,
Hipóteses com Haddad,Datafolha,2026-03-03,2026-03-05,,2.0,,43.0,15.0,,,,,,,,,,,,,,,,,,,,,41.0
Hipóteses com Haddad,Datafolha,2026-03-03,2026-03-05,,2.0,,,20.0,,,,,,,,,40.0,,,,,,,,,,,,40.0
Lula e Flávio Bolsonaro,Real Time Big Data,2026-02-28,2026-03-02,,2.0,42.0,41.0,17.0,,,,,,,,,,,,,,,,,,,,,
Lula e Renan Santos,Real Time Big Data,2026-02-28,2026-03-02,,2.0,51.0,,31.0,,18.0,,,,,,,,,,,,,,,,,,,
Lula e Caiado,Real Time Big Data,2026-02-28,2026-03-02,,2.0,45.0,,19.0,,,36.0,,,,,,,,,,,,,,,,,,
Lula e Zema,Real Time Big Data,2026-02-28,2026-03-02,,2.0,44.0,,21.0,,,,35.0,,,,,,,,,,,,,,,,,
Hipóteses com Lula,Real Time Big Data,2026-02-28,2026-03-02,,2.0,43.0,,18.0,,,,,,,,,39.0,,,,,,,,,,,,
Hipóteses com Lula,Real Time Big Data,2026-02-28,2026-03-02,,2.0,46.0,,19.0,,,,,,,,,,,35.0,,,,,,,,,,
Hipóteses com Lula,Real Time Big Data,2026-02-28,2026-03-02,,2.0,51.0,,30.0,,,,,,,,,,,,,,,,,19.0,,,,
Lula e Flávio Bolsonaro,Paraná Pesquisas,2026-02-22,2026-02-25,,2.2,43.8,44.4,11.9,,,,,,,,,,,,,,,,,,,,,
Lula e Caiado,Paraná Pesquisas,2026-02-22,2026-02-25,,2.2,45.3,,18.4,,,36.2,,,,,,,,,,,,,,,,,,
Hipóteses com Lula,Paraná Pesquisas,2026-02-22,2026-02-25,,2.2,43.6,,16.7,,,,,,,,,39.7,,,,,,,,,,,,
Lula e Flávio Bolsonaro,AtlasIntel,2026-02-19,2026-02-24,,1.0,46.2,46.3,7.5,,,,,,,,,,,,,,,,,,,,,
Lula e Caiado,AtlasIntel,2026-02-19,2026-02-24,,1.0,45.7,,16.7,,,37.6,,,,,,,,,,,,,,,,,,
Lula e Zema,AtlasIntel,2026-02-19,2026-02-24,,1.0,46.0,,12.3,,,,41.7,,,,,,,,,,,,,,,,,
Hipóteses com Lula,AtlasIntel,2026-02-19,2026-02-24,,1.0,47.3,,7.3,,,,,45.4,,,,,,,,,,,,,,,,
Hipóteses com Lula,AtlasIntel,2026-02-19,2026-02-24,,1.0,47.5,,7.8,,,,,,44.7,,,,,,,,,,,,,,,
Hipóteses com Lula,AtlasIntel,2026-02-19,2026-02-24,,1.0,45.9,,7.0,,,,,,,47.1,,,,,,,,,,,,,,
Hipóteses com Lula,AtlasIntel,2026-02-19,2026-02-24,,1.0,45.5,,15.5,,,,,,,,,39.0,,,,,,,,,,,,
Hipóteses com Lula,AtlasIntel,2026-02-19,2026-02-24,,1.0,45.2,,30.3,,,,,,,,,,,24.5,,,,,,,,,,
Lula e Flávio Bolsonaro,Futura,2026-02-03,2026-02-07,,2.2,42.4,48.2,9.4,,,,,,,,,,,,,,,,,,,,,
Lula e Caiado,Futura,2026-02-03,2026-02-07,,2.2,43.1,,14.6,,,42.3,,,,,,,,,,,,,,,,,,
Lula e Zema,Futura,2026-02-03,2026-02-07,,2.2,43.3,,14.3,,,,42.4,,,,,,,,,,,,,,,,,
Hipóteses com Lula,Futura,2026-02-03,2026-02-07,,2.2,41.4,,11.2,,,,,,,47.4,,,,,,,,,,,,,,
Hipóteses com Lula,Futura,2026-02-03,2026-02-07,,2.2,42.1,,12.6,,,,,,,,,45.2,,,,,,,,,,,,
Hipóteses com Lula,Futura,2026-02-03,2026-02-07,,2.2,42.7,,18.8,,,,,,,,,,,38.5,,,,,,,,,,
Hipóteses com Lula,Futura,2026-02-03,2026-02-07,,2.2,,40.1,24.9,,,,,,,35.0,,,,,,,,,,,,,,
Lula e Flávio Bolsonaro,Paraná Pesquisas,2026-01-25,2026-01-28,,2.2,44.8,42.2,13.0,,,,,,,,,,,,,,,,,,,,,
Hipóteses com Lula,Paraná Pesquisas,2026-01-25,2026-01-28,,2.2,43.9,,13.7,,,,,,,42.5,,,,,,,,,,,,,,
Hipóteses com Lula,Paraná Pesquisas,2026-01-25,2026-01-28,,2.2,44.7,,16.4,,,,,,,,,38.9,,,,,,,,,,,,
Lula e Flávio Bolsonaro,AtlasIntel,2026-01-15,2026-01-20,,1.0,49.0,45.0,6.0,,,,,,,,,,,,,,,,,,,,,
Lula e Caiado,AtlasIntel,2026-01-15,2026-01-20,,1.0,49.0,,12.0,,,39.0,,,,,,,,,,,,,,,,,,
Lula e Zema,AtlasIntel,2026-01-15,2026-01-20,,1.0,49.0,,12.0,,,,39.0,,,,,,,,,,,,,,,,,
Hipóteses com Lula,AtlasIntel,2026-01-15,2026-01-20,,1.0,49.0,,5.0,,,,,46.0,,,,,,,,,,,,,,,,
Hipóteses com Lula,AtlasIntel,2026-01-15,2026-01-20,,1.0,49.0,,6.0,,,,,,45.0,,,,,,,,,,,,,,,
Hipóteses com Lula,AtlasIntel,2026-01-15,2026-01-20,,1.0,49.0,,6.0,,,,,,,45.0,,,,,,,,,,,,,,
Hipóteses com Lula,AtlasIntel,2026-01-15,2026-01-20,,1.0,49.0,,12.0,,,,,,,,,39.0,,,,,,,,,,,,
Hipóteses com Lula,AtlasIntel,2026-01-15,2026-01-20,,1.0,48.0,,29.0,,,,,,,,,,,23.0,,,,,,,,,,
Lula e Flávio Bolsonaro,Futura,2026-01-15,2026-01-19,,2.2,41.9,48.1,10.0,,,,,,,,,,,,,,,,,,,,,
Lula e Caiado,Futura,2026-01-15,2026-01-19,,2.2,41.8,,16.3,,,42.0,,,,,,,,,,,,,,,,,,
Lula e Zema,Futura,2026-01-15,2026-01-19,,2.2,42.8,,16.7,,,,40.5,,,,,,,,,,,,,,,,,
Hipóteses com Lula,Futura,2026-01-15,2026-01-19,,2.2,41.3,,12.5,,,,,,,46.1,,,,,,,,,,,,,,
Hipóteses com Lula,Futura,2026-01-15,2026-01-19,,2.2,41.2,,14.0,,,,,,,,,44.8,,,,,,,,,,,,
Hipóteses com Lula,Futura,2026-01-15,2026-01-19,,2.2,41.9,,20.9,,,,,,,,,,,37.3,,,,,,,,,,
Hipóteses com Lula,Futura,2026-01-15,2026-01-19,,2.2,,37.5,27.8,,,,,,,34.7,,,,,,,,,,,,,,
Lula e Flávio Bolsonaro,Paraná Pesquisas,2025-12-18,2025-12-22,,2.2,44.1,41.0,14.9,,,,,,,,,,,,,,,,,,,,,
Hipóteses com Lula,Paraná Pesquisas,2025-12-18,2025-12-22,,2.2,43.6,,13.0,,,,,43.4,,,,,,,,,,,,,,,,
Hipóteses com Lula,Paraná Pesquisas,2025-12-18,2025-12-22,,2.2,44.8,,13.8,,,,,,41.4,,,,,,,,,,,,,,,
Hipóteses com Lula,Paraná Pesquisas,2025-12-18,2025-12-22,,2.2,44.0,,13.5,,,,,,,42.5,,,,,,,,,,,,,,
Hipóteses com Lula,Paraná Pesquisas,2025-12-18,2025-12-22,,2.2,43.8,,16.0,,,,,,,,,40.2,,,,,,,,,,,,
Hipóteses com Lula,Paraná Pesquisas,2025-12-18,2025-12-22,,2.2,44.6,,16.0,,,,,,,,,,,,,,30.3,,,,,,,
Lula e Flávio Bolsonaro,AtlasIntel,2025-12-10,2025-12-15,,1.0,53.0,41.0,6.0,,,,,,,,,,,,,,,,,,,,,
Lula e Caiado,AtlasIntel,2025-12-10,2025-12-15,,1.0,49.0,,12.0,,,39.0,,,,,,,,,,,,,,,,,,
Lula e Zema,AtlasIntel,2025-12-10,2025-12-15,,1.0,49.0,,12.0,,,,39.0,,,,,,,,,,,,,,,,,
Hipóteses com Lula,AtlasIntel,2025-12-10,2025-12-15,,1.0,50.0,,4.0,,,,,46.0,,,,,,,,,,,,,,,,
Hipóteses com Lula,AtlasIntel,2025-12-10,2025-12-15,,1.0,50.0,,5.0,,,,,,45.0,,,,,,,,,,,,,,,
Hipóteses com Lula,AtlasIntel,2025-12-10,2025-12-15,,1.0,49.0,,5.0,,,,,,,45.0,,,,,,,,,,,,,,
Hipóteses com Lula,AtlasIntel,2025-12-10,2025-12-15,,1.0,49.0,,12.0,,,,,,,,,39.0,,,,,,,,,,,,
Hipóteses com Lula,AtlasIntel,2025-12-10,2025-12-15,,1.0,49.0,,27.0,,,,,,,,,,,24.0,,,,,,,,,,
Lula e Flávio Bolsonaro,Futura,2025-12-03,2025-12-09,,2.0,42.1,41.6,16.3,,,,,,,,,,,,,,,,,,,,,
Lula e Caiado,Futura,2025-12-03,2025-12-09,,2.0,39.6,,16.2,,,41.5,,,,,,,,,,,,,,,,,,
Lula e Zema,Futura,2025-12-03,2025-12-09,,2.0,40.7,,19.4,,,,39.9,,,,,,,,,,,,,,,,,
Hipóteses com Lula,Futura,2025-12-03,2025-12-09,,2.0,41.5,,12.7,,,,,,45.8,,,,,,,,,,,,,,,
Hipóteses com Lula,Futura,2025-12-03,2025-12-09,,2.0,39.3,,13.4,,,,,,,47.3,,,,,,,,,,,,,,
Hipóteses com Lula,Futura,2025-12-03,2025-12-09,,2.0,39.5,,14.0,,,,,,,,,43.6,,,,,,,,,,,,
Lula e Flávio Bolsonaro,Datafolha,2025-12-02,2025-12-04,,2.0,51.0,36.0,13.0,,,,,,,,,,,,,,,,,,,,,
Hipóteses com Lula,Datafolha,2025-12-02,2025-12-04,,2.0,49.0,,11.0,,,,,40.0,,,,,,,,,,,,,,,,
Hipóteses com Lula,Datafolha,2025-12-02,2025-12-04,,2.0,50.0,,13.0,,,,,,39.0,,,,,,,,,,,,,,,
Hipóteses com Lula,Datafolha,2025-12-02,2025-12-04,,2.0,47.0,,12.0,,,,,,,42.0,,,,,,,,,,,,,,
Hipóteses com Lula,Datafolha,2025-12-02,2025-12-04,,2.0,52.0,,13.0,,,,,,,,35.0,,,,,,,,,,,,,
Hipóteses com Lula,Datafolha,2025-12-02,2025-12-04,,2.0,47.0,,12.0,,,,,,,,,41.0,,,,,,,,,,,,
Lula e Caiado,AtlasIntel,2025-11-22,2025-11-27,,1.0,49.0,,10.0,,,41.0,,,,,,,,,,,,,,,,,,
Lula e Zema,AtlasIntel,2025-11-22,2025-11-27,,1.0,49.0,,10.0,,,,41.0,,,,,,,,,,,,,,,,,
Hipóteses com Lula,AtlasIntel,2025-11-22,2025-11-27,,1.0,48.0,,4.0,,,,,47.0,,,,,,,,,,,,,,,,
Hipóteses com Lula,AtlasIntel,2025-11-22,2025-11-27,,1.0,49.0,,4.0,,,,,,47.0,,,,,,,,,,,,,,,
Hipóteses com Lula,AtlasIntel,2025-11-22,2025-11-27,,1.0,49.0,,4.0,,,,,,,47.0,,,,,,,,,,,,,,
Hipóteses com Lula,AtlasIntel,2025-11-22,2025-11-27,,1.0,49.0,,11.0,,,,,,,,,40.0,,,,,,,,,,,,
Hipóteses com Lula,AtlasIntel,2025-11-22,2025-11-27,,1.0,47.0,,25.0,,,,,,,,,,,28.0,,,,,,,,,,
Lula e Caiado,MDA,2025-11-19,2025-11-23,,2.2,46.9,,19.4,,,33.7,,,,,,,,,,,,,,,,,,
Lula e Zema,MDA,2025-11-19,2025-11-23,,2.2,47.9,,18.6,,,,33.5,,,,,,,,,,,,,,,,,
Hipóteses com Lula,MDA,2025-11-19,2025-11-23,,2.2,49.2,,13.9,,,,,36.9,,,,,,,,,,,,,,,,
Hipóteses com Lula,MDA,2025-11-19,2025-11-23,,2.2,49.1,,15.3,,,,,,35.6,,,,,,,,,,,,,,,
Hipóteses com Lula,MDA,2025-11-19,2025-11-23,,2.2,45.7,,15.1,,,,,,,39.1,,,,,,,,,,,,,,
Hipóteses com Lula,MDA,2025-11-19,2025-11-23,,2.2,49.9,,16.8,,,,,,,,33.3,,,,,,,,,,,,,
Hipóteses com Lula,MDA,2025-11-19,2025-11-23,,2.2,45.8,,15.5,,,,,,,,,38.7,,,,,,,,,,,,
Hipóteses com Lula,MDA,2025-11-19,2025-11-23,,2.2,44.1,,20.8,,,,,,,,,,35.1,,,,,,,,,,,
Lula e Flávio Bolsonaro,Paraná Pesquisas,2025-11-06,2025-11-10,,2.2,45.4,38.6,16.0,,,,,,,,,,,,,,,,,,,,,
Hipóteses com Lula,Paraná Pesquisas,2025-11-06,2025-11-10,,2.2,43.7,,13.2,,,,,43.1,,,,,,,,,,,,,,,,
Hipóteses com Lula,Paraná Pesquisas,2025-11-06,2025-11-10,,2.2,44.1,,13.1,,,,,,42.7,,,,,,,,,,,,,,,
Hipóteses com Lula,Paraná Pesquisas,2025-11-06,2025-11-10,,2.2,43.0,,15.2,,,,,,,41.8,,,,,,,,,,,,,,
Lula e Caiado,Futura,2025-11-04,2025-11-08,,2.2,39.0,,19.1,,,41.9,,,,,,,,,,,,,,,,,,
Lula e Zema,Futura,2025-11-04,2025-11-08,,2.2,40.6,,20.7,,,,38.8,,,,,,,,,,,,,,,,,
Hipóteses com Lula,Futura,2025-11-04,2025-11-08,,2.2,40.2,,13.1,,,,,46.6,,,,,,,,,,,,,,,,
Hipóteses com Lula,Futura,2025-11-04,2025-11-08,,2.2,40.4,,13.2,,,,,,46.5,,,,,,,,,,,,,,,
Hipóteses com Lula,Futura,2025-11-04,2025-11-08,,2.2,39.5,,13.9,,,,,,,46.5,,,,,,,,,,,,,,
Hipóteses com Lula,Futura,2025-11-04,2025-11-08,,2.2,39.9,,18.6,,,,,,,,,41.5,,,,,,,,,,,,
Lula e Flávio Bolsonaro,Paraná Pesquisas,2025-10-21,2025-10-24,,2.2,46.7,37.0,16.2,,,,,,,,,,,,,,,,,,,,,
Hipóteses com Lula,Paraná Pesquisas,2025-10-21,2025-10-24,,2.2,44.9,,13.4,,,,,41.6,,,,,,,,,,,,,,,,
Hipóteses com Lula,Paraná Pesquisas,2025-10-21,2025-10-24,,2.2,44.7,,13.7,,,,,,41.6,,,,,,,,,,,,,,,
Hipóteses com Lula,Paraná Pesquisas,2025-10-21,2025-10-24,,2.2,44.9,,14.2,,,,,,,40.9,,,,,,,,,,,,,,
Lula e Caiado,Futura,2025-10-16,2025-10-21,,2.2,40.3,,21.1,,,38.6,,,,,,,,,,,,,,,,,,
Lula e Zema,Futura,2025-10-16,2025-10-21,,2.2,42.0,,19.7,,,,38.3,,,,,,,,,,,,,,,,,
Hipóteses com Lula,Futura,2025-10-16,2025-10-21,,2.2,41.3,,11.8,,,,,46.9,,,,,,,,,,,,,,,,
Hipóteses com Lula,Futura,2025-10-16,2025-10-21,,2.2,41.2,,11.2,,,,,,47.6,,,,,,,,,,,,,,,
Hipóteses com Lula,Futura,2025-10-16,2025-10-21,,2.2,39.5,,15.2,,,,,,,45.3,,,,,,,,,,,,,,
Hipóteses com Lula,Futura,2025-10-16,2025-10-21,,2.2,38.9,,17.7,,,,,,,,,43.4,,,,,,,,,,,,
Lula e Caiado,AtlasIntel,2025-10-15,2025-10-19,,1.0,52.0,,12.0,,,36.0,,,,,,,,,,,,,,,,,,
Lula e Zema,AtlasIntel,2025-10-15,2025-10-19,,1.0,52.0,,13.0,,,,35.0,,,,,,,,,,,,,,,,,
Hipóteses com Lula,AtlasIntel,2025-10-15,2025-10-19,,1.0,52.0,,4.0,,,,,44.0,,,,,,,,,,,,,,,,
Hipóteses com Lula,AtlasIntel,2025-10-15,2025-10-19,,1.0,52.0,,5.0,,,,,,43.0,,,,,,,,,,,,,,,
Hipóteses com Lula,AtlasIntel,2025-10-15,2025-10-19,,1.0,52.0,,4.0,,,,,,,44.0,,,,,,,,,,,,,,
Hipóteses com Lula,AtlasIntel,2025-10-15,2025-10-19,,1.0,51.0,,12.0,,,,,,,,,37.0,,,,,,,,,,,,
Hipóteses com Lula,Futura,2025-09-09,2025-09-15,,2.2,42.0,,11.9,,,,,46.1,,,,,,,,,,,,,,,,
Hipóteses com Lula,Futura,2025-09-09,2025-09-15,,2.2,41.7,,12.7,,,,,,45.6,,,,,,,,,,,,,,,
Hipóteses com Lula,Futura,2025-09-09,2025-09-15,,2.2,40.7,,14.9,,,,,,,44.4,,,,,,,,,,,,,,
Hipóteses com Lula,Futura,2025-09-09,2025-09-15,,2.2,42.5,,14.4,,,,,,,,43.1,,,,,,,,,,,,,
Hipóteses com Lula,Futura,2025-09-09,2025-09-15,,2.2,40.5,,17.1,,,,,,,,,42.4,,,,,,,,,,,,
Hipóteses com Lula,Futura,2025-09-09,2025-09-15,,2.2,,,24.3,,,,,,,42.9,,,,,,,,,,,,,32.8,
Hipóteses com Haddad,Futura,2025-09-09,2025-09-15,,2.2,,,26.2,,,,,,,45.0,,,,,,,,,,,,,,28.8
Lula e Zema,AtlasIntel,2025-09-10,2025-09-14,,1.0,51.7,,11.6,,,,36.7,,,,,,,,,,,,,,,,,
Hipóteses com Lula,AtlasIntel,2025-09-10,2025-09-14,,1.0,50.6,,4.2,,,,,,,45.2,,,,,,,,,,,,,,
Hipóteses com Lula,AtlasIntel,2025-09-10,2025-09-14,,1.0,51.6,,13.5,,,,,,,,,34.9,,,,,,,,,,,,
Lula e Caiado,AtlasIntel,2025-09-10,2025-09-10,,1.0,51.7,,14.3,,,34.0,,,,,,,,,,,,,,,,,,
Hipóteses com Lula,AtlasIntel,2025-09-10,2025-09-10,,1.0,51.8,,3.4,,,,,44.8,,,,,,,,,,,,,,,,
Hipóteses com Lula,AtlasIntel,2025-09-10,2025-09-10,,1.0,51.9,,3.5,,,,,,44.6,,,,,,,,,,,,,,,
Hipóteses com Lula,AtlasIntel,2025-09-10,2025-09-10,,1.0,49.9,,27.6,,,,,,,,,,,22.5,,,,,,,,,,
Lula e Caiado,MDA,2025-09-03,2025-09-06,,2.2,44.8,,24.8,,,30.4,,,,,,,,,,,,,,,,,,
Lula e Zema,MDA,2025-09-03,2025-09-06,,2.2,45.0,,24.3,,,,30.7,,,,,,,,,,,,,,,,,
Hipóteses com Lula,MDA,2025-09-03,2025-09-06,,2.2,45.7,,16.6,,,,,37.7,,,,,,,,,,,,,,,,
Hipóteses com Lula,MDA,2025-09-03,2025-09-06,,2.2,43.9,,18.5,,,,,,,37.6,,,,,,,,,,,,,,
Hipóteses com Lula,MDA,2025-09-03,2025-09-06,,2.2,43.4,,19.9,,,,,,,,,36.0,,,,,,,,,,,,
Hipóteses com Lula,MDA,2025-09-03,2025-09-06,,2.2,39.4,,24.6,,,,,,,,,,36.0,,,,,,,,,,,
Lula e Caiado,AtlasIntel,2025-08-20,2025-08-25,,1.0,46.7,,13.0,,,40.3,,,,,,,,,,,,,,,,,,
Lula e Zema,AtlasIntel,2025-08-20,2025-08-25,,1.0,47.1,,12.0,,,,40.9,,,,,,,,,,,,,,,,,
Hipóteses com Lula,AtlasIntel,2025-08-20,2025-08-25,,1.0,48.3,,3.4,,,,,48.3,,,,,,,,,,,,,,,,
Hipóteses com Lula,AtlasIntel,2025-08-20,2025-08-25,,1.0,48.8,,3.3,,,,,,47.9,,,,,,,,,,,,,,,
Hipóteses com Lula,AtlasIntel,2025-08-20,2025-08-25,,1.0,46.6,,5.0,,,,,,,48.4,,,,,,,,,,,,,,
Hipóteses com Lula,AtlasIntel,2025-08-20,2025-08-25,,1.0,46.9,,12.0,,,,,,,,,41.1,,,,,,,,,,,,
Hipóteses com Lula,AtlasIntel,2025-08-20,2025-08-25,,1.0,47.2,,27.9,,,,,,,,,,,24.9,,,,,,,,,,
Hipóteses com Lula,Paraná Pesquisas,2025-08-17,2025-08-21,,2.2,41.5,,14.2,,,,,44.4,,,,,,,,,,,,,,,,
Hipóteses com Lula,Paraná Pesquisas,2025-08-17,2025-08-21,,2.2,43.4,,14.3,,,,,,42.3,,,,,,,,,,,,,,,
Hipóteses com Lula,Paraná Pesquisas,2025-08-17,2025-08-21,,2.2,41.9,,16.1,,,,,,,41.9,,,,,,,,,,,,,,
Lula e Flávio Bolsonaro,Datafolha,2025-07-29,2025-07-30,,2.0,48.0,37.0,14.0,,,,,,,,,,,,,,,,,,,,,
Lula e Caiado,Datafolha,2025-07-29,2025-07-30,,2.0,47.0,,19.0,,,35.0,,,,,,,,,,,,,,,,,,
Lula e Zema,Datafolha,2025-07-29,2025-07-30,,2.0,46.0,,18.0,,,,36.0,,,,,,,,,,,,,,,,,
Hipóteses com Lula,Datafolha,2025-07-29,2025-07-30,,2.0,47.0,,10.0,,,,,43.0,,,,,,,,,,,,,,,,
Hipóteses com Lula,Datafolha,2025-07-29,2025-07-30,,2.0,48.0,,12.0,,,,,,40.0,,,,,,,,,,,,,,,
Hipóteses com Lula,Datafolha,2025-07-29,2025-07-30,,2.0,45.0,,14.0,,,,,,,41.0,,,,,,,,,,,,,,
Hipóteses com Lula,Datafolha,2025-07-29,2025-07-30,,2.0,49.0,,14.0,,,,,,,,37.0,,,,,,,,,,,,,
Hipóteses com Lula,Datafolha,2025-07-29,2025-07-30,,2.0,45.0,,15.0,,,,,,,,,40.0,,,,,,,,,,,,
Hipóteses com Lula,Datafolha,2025-07-29,2025-07-30,,2.0,,,21.0,,,,,,,40.0,,,,,,,,,,,,,38.0,
Hipóteses com Haddad,Datafolha,2025-07-29,2025-07-30,,2.0,,,20.0,,,,,,,43.0,,,,,,,,,,,,,,37.0
Lula e Caiado,AtlasIntel,2025-07-25,2025-07-28,,1.0,50.3,,10.0,,,39.7,,,,,,,,,,,,,,,,,,
Lula e Zema,AtlasIntel,2025-07-25,2025-07-28,,1.0,50.7,,8.7,,,,40.6,,,,,,,,,,,,,,,,,
Hipóteses com Lula,AtlasIntel,2025-07-25,2025-07-28,,1.0,50.1,,3.6,,,,,46.3,,,,,,,,,,,,,,,,
Hipóteses com Lula,AtlasIntel,2025-07-25,2025-07-28,,1.0,50.6,,3.4,,,,,,45.9,,,,,,,,,,,,,,,
Hipóteses com Lula,AtlasIntel,2025-07-25,2025-07-28,,1.0,50.4,,3.0,,,,,,,46.6,,,,,,,,,,,,,,
Hipóteses com Lula,AtlasIntel,2025-07-25,2025-07-28,,1.0,50.5,,9.8,,,,,,,,,39.7,,,,,,,,,,,,
Hipóteses com Lula,AtlasIntel,2025-07-25,2025-07-28,,1.0,49.6,,24.7,,,,,,,,,,,25.7,,,,,,,,,,
Lula e Caiado,AtlasIntel,2025-06-27,2025-06-30,,2.0,47.8,,17.0,,,35.3,,,,,,,,,,,,,,,,,,
Lula e Zema,AtlasIntel,2025-06-27,2025-06-30,,2.0,48.0,,13.5,,,,38.6,,,,,,,,,,,,,,,,,
Hipóteses com Lula,AtlasIntel,2025-06-27,2025-06-30,,2.0,47.8,,3.6,,,,,48.6,,,,,,,,,,,,,,,,
Hipóteses com Lula,AtlasIntel,2025-06-27,2025-06-30,,2.0,48.0,,4.5,,,,,,47.5,,,,,,,,,,,,,,,
Hipóteses com Lula,AtlasIntel,2025-06-27,2025-06-30,,2.0,47.6,,5.5,,,,,,,46.9,,,,,,,,,,,,,,
Hipóteses com Lula,AtlasIntel,2025-06-27,2025-06-30,,2.0,47.3,,13.7,,,,,,,,,39.0,,,,,,,,,,,,
Hipóteses com Lula,AtlasIntel,2025-06-27,2025-06-30,,2.0,47.0,,29.0,,,,,,,,,,,23.9,,,,,,,,,,
Lula e Caiado,Futura,2025-06-12,2025-06-23,,2.2,36.2,,24.6,,,39.2,,,,,,,,,,,,,,,,,,
Lula e Zema,Futura,2025-06-12,2025-06-23,,2.2,37.6,,24.7,,,,37.7,,,,,,,,,,,,,,,,,
Hipóteses com Lula,Futura,2025-06-12,2025-06-23,,2.2,37.4,,12.6,,,,,50.0,,,,,,,,,,,,,,,,
Hipóteses com Lula,Futura,2025-06-12,2025-06-23,,2.2,38.0,,13.6,,,,,,48.4,,,,,,,,,,,,,,,
Hipóteses com Lula,Futura,2025-06-12,2025-06-23,,2.2,34.9,,18.6,,,,,,,46.5,,,,,,,,,,,,,,
Hipóteses com Lula,Futura,2025-06-12,2025-06-23,,2.2,38.1,,17.2,,,,,,,,44.8,,,,,,,,,,,,,
Hipóteses com Lula,Futura,2025-06-12,2025-06-23,,2.2,36.7,,21.5,,,,,,,,,41.7,,,,,,,,,,,,
Hipóteses com Lula,Futura,2025-06-12,2025-06-23,,2.2,32.1,,26.7,,,,,,,,,,41.2,,,,,,,,,,,
Lula e Flávio Bolsonaro,Paraná Pesquisas,2025-06-18,2025-06-22,,2.2,42.1,38.4,19.4,,,,,,,,,,,,,,,,,,,,,
Lula e Caiado,Paraná Pesquisas,2025-06-18,2025-06-22,,2.2,41.4,,25.1,,,33.5,,,,,,,,,,,,,,,,,,
Hipóteses com Lula,Paraná Pesquisas,2025-06-18,2025-06-22,,2.2,39.7,,13.8,,,,,46.5,,,,,,,,,,,,,,,,
Hipóteses com Lula,Paraná Pesquisas,2025-06-18,2025-06-22,,2.2,40.6,,15.0,,,,,,44.4,,,,,,,,,,,,,,,
Hipóteses com Lula,Paraná Pesquisas,2025-06-18,2025-06-22,,2.2,40.1,,16.2,,,,,,,43.6,,,,,,,,,,,,,,
Hipóteses com Lula,Paraná Pesquisas,2025-06-18,2025-06-22,,2.2,41.6,,19.3,,,,,,,,39.1,,,,,,,,,,,,,
Hipóteses com Lula,Paraná Pesquisas,2025-06-18,2025-06-22,,2.2,41.2,,21.8,,,,,,,,,37.0,,,,,,,,,,,,
Hipóteses com Lula,Paraná Pesquisas,2025-06-18,2025-06-22,,2.2,41.8,,27.0,,,,,,,,,,,,,,,,,,31.2,,,
Hipóteses com Lula,MDA,2025-06-11,2025-06-15,,2.2,41.4,,14.7,,,,,43.9,,,,,,,,,,,,,,,,
Hipóteses com Lula,MDA,2025-06-11,2025-06-15,,2.2,41.1,,18.5,,,,,,,40.4,,,,,,,,,,,,,,
Hipóteses com Haddad,MDA,2025-06-11,2025-06-15,,2.2,,,17.7,,,,,43.9,,,,,,,,,,,,,,,,38.4
Hipóteses com Haddad,MDA,2025-06-11,2025-06-15,,2.2,,,24.0,,,,,,,39.0,,,,,,,,,,,,,,37.0
Lula e Flávio Bolsonaro,Datafolha,2025-06-10,2025-06-11,,2.0,47.0,38.0,15.0,,,,,,,,,,,,,,,,,,,,,
Hipóteses com Lula,Datafolha,2025-06-10,2025-06-11,,2.0,44.0,,11.0,,,,,45.0,,,,,,,,,,,,,,,,
Hipóteses com Lula,Datafolha,2025-06-10,2025-06-11,,2.0,46.0,,12.0,,,,,,42.0,,,,,,,,,,,,,,,
Hipóteses com Lula,Datafolha,2025-06-10,2025-06-11,,2.0,43.0,,15.0,,,,,,,42.0,,,,,,,,,,,,,,
Hipóteses com Lula,Datafolha,2025-06-10,2025-06-11,,2.0,46.0,,15.0,,,,,,,,38.0,,,,,,,,,,,,,
Hipóteses com Haddad,Datafolha,2025-06-10,2025-06-11,,2.0,,,14.0,,,,,45.0,,,,,,,,,,,,,,,,40.0
Lula e Caiado,Futura,2025-06-02,2025-06-04,,3.1,39.5,,25.4,,,35.1,,,,,,,,,,,,,,,,,,
Hipóteses com Lula,Futura,2025-06-02,2025-06-04,,3.1,39.9,,11.7,,,,,48.4,,,,,,,,,,,,,,,,
Hipóteses com Lula,Futura,2025-06-02,2025-06-04,,3.1,40.9,,13.0,,,,,,46.2,,,,,,,,,,,,,,,
Hipóteses com Lula,Futura,2025-06-02,2025-06-04,,3.1,41.0,,17.9,,,,,,,41.0,,,,,,,,,,,,,,
Hipóteses com Lula,Futura,2025-06-02,2025-06-04,,3.1,39.9,,21.2,,,,,,,,,38.8,,,,,,,,,,,,
Lula e Caiado,AtlasIntel,2025-05-19,2025-05-23,,1.0,45.2,,18.7,,,36.1,,,,,,,,,,,,,,,,,,
Lula e Zema,AtlasIntel,2025-05-19,2025-05-23,,1.0,45.2,,15.3,,,,39.5,,,,,,,,,,,,,,,,,
Hipóteses com Lula,AtlasIntel,2025-05-19,2025-05-23,,1.0,45.5,,7.0,,,,,47.5,,,,,,,,,,,,,,,,
Hipóteses com Lula,AtlasIntel,2025-05-19,2025-05-23,,1.0,45.3,,4.9,,,,,,49.8,,,,,,,,,,,,,,,
Hipóteses com Lula,AtlasIntel,2025-05-19,2025-05-23,,1.0,45.1,,6.0,,,,,,,48.9,,,,,,,,,,,,,,
Hipóteses com Lula,AtlasIntel,2025-05-19,2025-05-23,,1.0,45.2,,18.8,,,,,,,,,36.1,,,,,,,,,,,,
Hipóteses com Lula,AtlasIntel,2025-05-19,2025-05-23,,1.0,44.0,,33.4,,,,,,,,,,,22.6,,,,,,,,,,
Lula e Caiado,AtlasIntel,2025-04-20,2025-04-24,,1.0,45.0,,18.7,,,36.3,,,,,,,,,,,,,,,,,,
Lula e Zema,AtlasIntel,2025-04-20,2025-04-24,,1.0,45.6,,14.8,,,,39.5,,,,,,,,,,,,,,,,,
Hipóteses com Lula,AtlasIntel,2025-04-20,2025-04-24,,1.0,48.5,,5.2,,,,,46.4,,,,,,,,,,,,,,,,
Hipóteses com Lula,AtlasIntel,2025-04-20,2025-04-24,,1.0,46.6,,7.3,,,,,,46.1,,,,,,,,,,,,,,,
Hipóteses com Lula,AtlasIntel,2025-04-20,2025-04-24,,1.0,46.7,,6.6,,,,,,,46.7,,,,,,,,,,,,,,
Hipóteses com Lula,AtlasIntel,2025-04-20,2025-04-24,,1.0,47.2,,17.9,,,,,,,,,34.9,,,,,,,,,,,,
Hipóteses com Lula,AtlasIntel,2025-04-20,2025-04-24,,1.0,45.3,,30.5,,,,,,,,,,,24.2,,,,,,,,,,
Hipóteses com Lula,Paraná Pesquisas,2025-04-16,2025-04-19,,2.2,40.4,,13.6,,,,,46.0,,,,,,,,,,,,,,,,
Hipóteses com Lula,Paraná Pesquisas,2025-04-16,2025-04-19,,2.2,41.0,,15.0,,,,,,45.0,,,,,,,,,,,,,,,
Hipóteses com Lula,Paraná Pesquisas,2025-04-16,2025-04-19,,2.2,40.6,,16.0,,,,,,,43.4,,,,,,,,,,,,,,
Hipóteses com Lula,Datafolha,2025-04-01,2025-04-03,,2.0,49.0,,11.0,,,,,40.0,,,,,,,,,,,,,,,,
Hipóteses com Lula,Datafolha,2025-04-01,2025-04-03,,2.0,50.0,,12.0,,,,,,38.0,,,,,,,,,,,,,,,
Hipóteses com Lula,Datafolha,2025-04-01,2025-04-03,,2.0,48.0,,14.0,,,,,,,39.0,,,,,,,,,,,,,,
Hipóteses com Lula,Datafolha,2025-04-01,2025-04-03,,2.0,51.0,,15.0,,,,,,,,34.0,,,,,,,,,,,,,
Hipóteses com Haddad,Datafolha,2025-04-01,2025-04-03,,2.0,,,14.0,,,,,41.0,,,,,,,,,,,,,,,,45.0
Hipóteses com Haddad,Datafolha,2025-04-01,2025-04-03,,2.0,,,20.0,,,,,,,37.0,,,,,,,,,,,,,,43.0
Lula e Caiado,AtlasIntel,2025-03-20,2025-03-24,,1.0,47.0,,16.0,,,37.0,,,,,,,,,,,,,,,,,,
Lula e Zema,AtlasIntel,2025-03-20,2025-03-24,,1.0,44.0,,31.0,,,,25.0,,,,,,,,,,,,,,,,,
Hipóteses com Lula,AtlasIntel,2025-03-20,2025-03-24,,1.0,46.0,,6.0,,,,,48.0,,,,,,,,,,,,,,,,
Hipóteses com Lula,AtlasIntel,2025-03-20,2025-03-24,,1.0,46.0,,7.0,,,,,,,47.0,,,,,,,,,,,,,,
Hipóteses com Lula,AtlasIntel,2025-03-20,2025-03-24,,1.0,46.0,,18.0,,,,,,,,,,,36.0,,,,,,,,,,
Hipóteses com Lula,AtlasIntel,2025-03-20,2025-03-24,,1.0,46.0,,3.0,,,,,,,,,,,,51.0,,,,,,,,,
Lula e Caiado,Futura,2025-03-19,2025-03-22,,3.1,37.3,,24.9,,,37.8,,,,,,,,,,,,,,,,,,
Hipóteses com Lula,Futura,2025-03-19,2025-03-22,,3.1,37.3,,11.6,,,,,51.1,,,,,,,,,,,,,,,,
Hipóteses com Lula,Futura,2025-03-19,2025-03-22,,3.1,37.3,,14.1,,,,,,48.5,,,,,,,,,,,,,,,
Hipóteses com Lula,Futura,2025-03-19,2025-03-22,,3.1,37.6,,20.1,,,,,,,42.3,,,,,,,,,,,,,,
Hipóteses com Lula,Futura,2025-03-19,2025-03-22,,3.1,37.2,,22.1,,,,,,,,,40.6,,,,,,,,,,,,
Hipóteses com Lula,Futura,2025-03-19,2025-03-22,,3.1,,,13.1,,,,,50.3,,,,,,,,,,,,,,,36.5,
Hipóteses com Lula,Futura,2025-03-19,2025-03-22,,3.1,,,22.3,,,,,,,39.1,,,,,,,,,,,,,37.5,
Lula e Caiado,AtlasIntel,2025-02-24,2025-02-27,,1.0,47.0,,14.0,,,39.0,,,,,,,,,,,,,,,,,,
Lula e Zema,AtlasIntel,2025-02-24,2025-02-27,,1.0,47.0,,9.0,,,,43.0,,,,,,,,,,,,,,,,,
Hipóteses com Lula,AtlasIntel,2025-02-24,2025-02-27,,1.0,48.0,,4.0,,,,,49.0,,,,,,,,,,,,,,,,
Hipóteses com Lula,AtlasIntel,2025-02-24,2025-02-27,,1.0,47.0,,4.0,,,,,,,49.0,,,,,,,,,,,,,,
Hipóteses com Lula,AtlasIntel,2025-02-24,2025-02-27,,1.0,48.0,,9.0,,,,,,,,44.0,,,,,,,,,,,,,
Hipóteses com Lula,AtlasIntel,2025-02-24,2025-02-27,,1.0,45.0,,28.0,,,,,,,,,,,27.0,,,,,,,,,,
Hipóteses com Lula,AtlasIntel,2025-02-24,2025-02-27,,1.0,48.0,,14.0,,,,,,,,,,,,38.0,,,,,,,,,
Hipóteses com Lula,AtlasIntel,2025-02-24,2025-02-27,,1.0,48.0,,14.0,,,,,,,,,,,,,38.0,,,,,,,,
Hipóteses com Lula,MDA,2025-02-19,2025-02-23,,2.2,41.6,,15.0,,,,,43.4,,,,,,,,,,,,,,,,
Hipóteses com Lula,MDA,2025-02-19,2025-02-23,,2.2,41.2,,18.1,,,,,,,40.7,,,,,,,,,,,,,,
Hipóteses com Haddad,MDA,2025-02-19,2025-02-23,,2.2,,,17.5,,,,,41.3,,,,,,,,,,,,,,,,39.4
Hipóteses com Haddad,MDA,2025-02-19,2025-02-23,,2.2,,,24.4,,,,,,,38.3,,,,,,,,,,,,,,37.3
Hipóteses com Lula,Paraná Pesquisas,2025-02-13,2025-02-16,,2.2,40.2,,14.7,,,,,45.1,,,,,,,,,,,,,,,,
Hipóteses com Lula,Paraná Pesquisas,2025-02-13,2025-02-16,,2.2,40.5,,16.6,,,,,,42.9,,,,,,,,,,,,,,,
Hipóteses com Lula,Paraná Pesquisas,2025-02-13,2025-02-16,,2.2,41.1,,18.1,,,,,,,40.8,,,,,,,,,,,,,,
Lula e Caiado,AtlasIntel,2025-01-27,2025-01-31,,2.0,47.4,,16.1,,,36.5,,,,,,,,,,,,,,,,,,
Hipóteses com Lula,AtlasIntel,2025-01-27,2025-01-31,,2.0,47.6,,9.0,,,,,43.4,,,,,,,,,,,,,,,,
Hipóteses com Lula,AtlasIntel,2025-01-27,2025-01-31,,2.0,45.7,,9.6,,,,,,,44.7,,,,,,,,,,,,,,
Hipóteses com Lula,AtlasIntel,2025-01-27,2025-01-31,,2.0,49.6,,14.0,,,,,,,,36.4,,,,,,,,,,,,,
Hipóteses com Lula,AtlasIntel,2025-01-27,2025-01-31,,2.0,49.8,,20.5,,,,,,,,,,,,29.7,,,,,,,,,
Hipóteses com Lula,Paraná Pesquisas,2025-01-07,2025-01-10,,2.2,42.2,,12.1,,,,,45.7,,,,,,,,,,,,,,,,
Hipóteses com Lula,Paraná Pesquisas,2025-01-07,2025-01-10,,2.2,43.1,,14.8,,,,,,42.2,,,,,,,,,,,,,,,
Hipóteses com Lula,Paraná Pesquisas,2025-01-07,2025-01-10,,2.2,43.4,,16.0,,,,,,,40.6,,,,,,,,,,,,,,
Lula e Caiado,AtlasIntel,2024-12-26,2024-12-31,,2.0,48.0,,17.0,,,35.0,,,,,,,,,,,,,,,,,,
Hipóteses com Lula,AtlasIntel,2024-12-26,2024-12-31,,2.0,49.0,,8.0,,,,,43.0,,,,,,,,,,,,,,,,
Hipóteses com Lula,AtlasIntel,2024-12-26,2024-12-31,,2.0,49.0,,12.0,,,,,,,39.0,,,,,,,,,,,,,,
Hipóteses com Lula,AtlasIntel,2024-12-26,2024-12-31,,2.0,50.0,,11.0,,,,,,,,39.0,,,,,,,,,,,,,
Hipóteses com Lula,AtlasIntel,2024-12-26,2024-12-31,,2.0,52.0,,13.0,,,,,,,,,,,,35.0,,,,,,,,,
Hipóteses com Lula,Paraná Pesquisas,2024-11-21,2024-11-25,,2.2,41.9,,16.4,,,,,43.7,,,,,,,,,,,,,,,,
Hipóteses com Lula,Paraná Pesquisas,2024-11-21,2024-11-25,,2.2,42.7,,16.6,,,,,,40.8,,,,,,,,,,,,,,,
Hipóteses com Lula,Paraná Pesquisas,2024-11-21,2024-11-25,,2.2,43.0,,17.8,,,,,,,39.2,,,,,,,,,,,,,,
Hipóteses com Lula,Paraná Pesquisas,2024-08-14,2024-08-18,,2.2,42.3,,16.3,,,,,41.4,,,,,,,,,,,,,,,,
Hipóteses com Lula,Paraná Pesquisas,2024-08-14,2024-08-18,,2.2,45.0,,13.2,,,,,,41.8,,,,,,,,,,,,,,,
Hipóteses com Lula,Paraná Pesquisas,2024-08-14,2024-08-18,,2.2,44.9,,15.3,,,,,,,39.8,,,,,,,,,,,,,,
Hipóteses com Lula,Paraná Pesquisas,2024-08-14,2024-08-18,,2.2,45.2,,18.4,,,,,,,,,36.4,,,,,,,,,,,,
Hipóteses com Lula,Paraná Pesquisas,2024-08-14,2024-08-18,,2.2,45.6,,22.7,,,,,,,,,,,,,,31.7,,,,,,,
Hipóteses com Lula,Paraná Pesquisas,2024-07-18,2024-07-22,,2.2,44.1,,13.0,,,,,41.9,,,,,,,,,,,,,,,,
Hipóteses com Lula,Paraná Pesquisas,2024-07-18,2024-07-22,,2.2,43.8,,16.0,,,,,,40.3,,,,,,,,,,,,,,,
Hipóteses com Lula,Paraná Pesquisas,2024-07-18,2024-07-22,,2.2,44.2,,17.3,,,,,,,38.5,,,,,,,,,,,,,,
Hipóteses com Lula,Paraná Pesquisas,2024-04-27,2024-05-01,,2.2,41.7,,16.3,,,,,42.0,,,,,,,,,,,,,,,,
Hipóteses com Lula,Paraná Pesquisas,2024-04-27,2024-05-01,,2.2,42.0,,17.9,,,,,,40.1,,,,,,,,,,,,,,,
Hipóteses com Lula,Paraná Pesquisas,2024-04-27,2024-05-01,,2.2,41.7,,21.6,,,,,,,36.6,,,,,,,,,,,,,,
Lula e Caiado,Paraná Pesquisas,2024-03-18,2024-03-22,,2.2,44.9,,22.5,,,32.6,,,,,,,,,,,,,,,,,,
Lula e Zema,Paraná Pesquisas,2024-03-18,2024-03-22,,2.2,44.5,,20.8,,,,34.6,,,,,,,,,,,,,,,,,
Hipóteses com Lula,Paraná Pesquisas,2024-03-18,2024-03-22,,2.2,41.6,,16.7,,,,,41.7,,,,,,,,,,,,,,,,
Hipóteses com Lula,Paraná Pesquisas,2024-03-18,2024-03-22,,2.2,44.5,,12.2,,,,,,43.4,,,,,,,,,,,,,,,
Hipóteses com Lula,Paraná Pesquisas,2024-03-18,2024-03-22,,2.2,43.9,,15.3,,,,,,,40.8,,,,,,,,,,,,,,
Hipóteses com Lula,Paraná Pesquisas,2024-03-18,2024-03-22,,2.2,44.6,,20.1,,,,,,,,,35.3,,,,,,,,,,,,
Hipóteses com Lula,Paraná Pesquisas,2024-03-18,2024-03-22,,2.2,44.5,,23.3,,,,,,,,,,,,,,32.2,,,,,,,
Hipóteses com Lula,Paraná Pesquisas,2024-03-18,2024-03-22,,2.2,44.9,,26.0,,,,,,,,,,,,,,,,,,,29.1,,
Hipóteses com Lula,Paraná Pesquisas,2024-01-24,2024-01-28,,2.2,43.9,,14.3,,,,,41.9,,,,,,,,,,,,,,,,
Hipóteses com Lula,Paraná Pesquisas,2024-01-24,2024-01-28,,2.2,45.4,,15.8,,,,,,38.7,,,,,,,,,,,,,,,
Hipóteses com Lula,Paraná Pesquisas,2024-01-24,2024-01-28,,2.2,45.8,,19.6,,,,,,,34.6,,,,,,,,,,,,,,
Lula e Zema,Futura,2023-07-14,2023-07-17,,3.1,60.4,,10.9,,,,39.6,,,,,,,,,,,,,,,,,
Hipóteses com Lula,Futura,2023-07-14,2023-07-17,,3.1,56.3,,7.3,,,,,43.7,,,,,,,,,,,,,,,,
Hipóteses com Lula,Futura,2023-07-14,2023-07-17,,3.1,57.2,,7.7,,,,,,,42.8,,,,,,,,,,,,,,
